Essay ID,Essay type,human1_Score,human2_Score,GPT_Score,gemini_Score_Score,gemini_Point_Score,gemini_Rubrics_Score,Comments,Mistakes,Quality of LanguageAppropriateness and Content,OverallResponse
e001,Report Writing,23,,23,23,11,,,,,"**Task Fulfilment: 12/15**

* The essay addresses the task requirements and includes all the necessary points.
* The introduction provides a clear overview of the topic and the purpose of the report.
* The body paragraphs discuss the reasons for students' lack of interest in sports, including student attitudes, parental influence, and school facilities.
* The conclusion summarizes the main points and offers suggestions to overcome the problems.

**Language: 11/15**

* The essay is generally well-written with clear and concise language.
* The vocabulary is appropriate for the topic and audience.
* The sentences are well-structured and flow smoothly.
* However, there are some grammatical errors and awkward phrasing that could be improved.

**Specific Feedback:**

**Task Fulfilment:**

* The essay could be improved by providing more specific examples and evidence to support the claims made.
* The suggestions offered in the conclusion could be more detailed and actionable.

**Language:**

* **Grammar:**
    * ""The reasons that causes students not to be interested in sports comes from themselves, parents and facilities."" (Incorrect verb tense)
    * ""Parents emphasize their child’s academic performance only."" (Missing subject)
    * ""The last reason that I learned from a survey is facilities."" (Incorrect word order)
* **Phrasing:**
    * ""They feel that time is money, so they use their time to study."" (Awkward phrasing)
    * ""The poor condition of the field and courts in schools cause students to dislike sports."" (Incorrect verb tense)
    * ""As we know, sport is essential for health."" (Unnecessary comma)
* **Vocabulary:**
    * ""keep their bodies as fit as a fiddle"" (Cliché)
    * ""qualified trainers"" (Could be more specific)

**Constructive Feedback:**

* To improve the task fulfilment, the student should focus on providing more specific examples and evidence to support their claims. They should also consider offering more detailed and actionable suggestions in the conclusion.
* To improve the language, the student should review the grammar and phrasing of their sentences. They should also work on expanding their vocabulary and using more precise language."
e002,Informal letter,25,27,23,25,13,,,,,"**Task Fulfilment: 12/15**

* The student has followed the task instructions and included all the required points.
* The essay is well-organized and easy to follow.
* The student has provided a clear and detailed account of the incident, their reaction to it, and how the situation was resolved.
* The student has effectively conveyed their feelings and emotions throughout the essay.

**Language: 13/15**

* The student has used a wide range of vocabulary and grammar structures.
* The sentences are varied in length and structure, and the essay flows smoothly.
* The student has made only a few minor errors in grammar and punctuation.
* The spelling is accurate.

**Specific Feedback:**

* The student has used the passive voice in a few places, which could be replaced with the active voice for greater impact.
* The student could have used more vivid and descriptive language to create a more engaging narrative.
* The student could have provided more context about the school and the community in which the incident took place.

**Overall Score: 25/30**

This is a well-written essay that effectively addresses the task requirements. The student has demonstrated a good understanding of the purpose and audience of the essay, and has used language effectively to convey their message. With a few minor improvements, this essay could be even more effective."
e003,Report Writing,23,,21,23,11,,,,,"**Task Fulfilment: 12/15**

* The essay addresses the task by exploring reasons for students' lack of interest in sports and providing suggestions to overcome the problem.
* The essay includes all required points: reasons for lack of interest, school facilities, and suggestions for improvement.
* However, the essay lacks a clear introduction and conclusion, which would help to frame the report and provide a sense of closure.

**Language: 11/15**

**Accuracy:**

* The essay contains several grammatical errors, such as:
    * ""Students spend most of their time in studies and spend their most of the time in sitting."" (repetition of ""spend"")
    * ""Parents think that academics is more important than co-curriculum activities."" (incorrect verb tense)
    * ""The field will become muddy when it's raining."" (incorrect verb tense)
* The essay also contains several spelling errors, such as:
    * ""co-curriculum"" (should be ""co-curricular"")
    * ""fiddle"" (should be ""fiddle"")

**Vocabulary:**

* The essay uses a limited vocabulary, with frequent repetition of words such as ""students,"" ""sports,"" and ""activities.""
* The essay could benefit from the use of more precise and varied vocabulary to enhance clarity and interest.

**Sentence Structure:**

* The essay contains a mix of simple and compound sentences, but the sentence structure is often repetitive and lacks variety.
* The essay could benefit from the use of more complex sentence structures to create a more engaging and sophisticated tone.

**Punctuation:**

* The essay contains several punctuation errors, such as:
    * Missing commas in a series: ""Students also spend their time in watching televison of playing games on their mobiles or desktops.""
    * Incorrect use of apostrophes: ""parents"" (should be ""parents'"")
* The essay could benefit from a careful review of punctuation to ensure clarity and accuracy.

**Overall Feedback:**

The essay provides a basic overview of the topic and includes the required elements. However, it lacks a clear structure, contains several grammatical and spelling errors, and uses a limited vocabulary. To improve, the student should focus on:

* Revising for grammatical and spelling errors
* Expanding vocabulary and using more precise language
* Varying sentence structure to create a more engaging tone
* Adding an introduction and conclusion to frame the report"
e004,Report Writing,25,,23,25,13,,,,,"**Task Fulfilment: 12/15**

* The essay addresses the task requirements by discussing the reasons for students' lack of interest in sports, providing suggestions to overcome the problems, and including information on school facilities.
* The essay is well-organized and follows a logical structure.
* However, the essay does not fully develop all of the required points. For example, the section on school facilities only briefly mentions the need for indoor stadiums and does not provide any specific details or recommendations.

**Language: 13/15**

* The essay is generally well-written with accurate grammar and spelling.
* The vocabulary is appropriate and varied.
* The sentences are clear and concise.
* However, there are a few minor errors in punctuation and sentence structure. For example, the sentence ""Most of the students proclaimed that because of the unbearable high temperature they have become unable to play sports in outdoor sports fields"" could be improved by using a comma after ""temperature"" and by changing ""have become"" to ""have become unable.""

**Specific Feedback:**

* **Task Fulfilment:** The essay could be improved by providing more specific details and recommendations in the section on school facilities. For example, the student could suggest specific ways to improve the indoor stadiums or provide data on the number of water dispensers that are needed.
* **Language:** The essay could be improved by carefully proofreading for errors in punctuation and sentence structure. The student should also consider using more varied sentence structures to improve the flow of the essay.

**Overall:**

The essay is well-written and addresses the task requirements. However, the essay could be improved by providing more specific details and recommendations in the section on school facilities and by carefully proofreading for errors in punctuation and sentence structure."
e005,Descriptive ,15,,18,22,,,,,,"**Score:** 22/30

**Quality of Language**

* **Sentence structures varied for particular effects:** The essay generally uses varied sentence structures, but some sentences could be more concise or varied to create a more engaging read. (2/3)
* **Verb forms largely correct and appropriate tenses consistently used:** There are some errors in verb tense and form, such as ""I do both of them some time to release my stress"" and ""I start my journey to reach the cliff of a mountain."" (2/3)
* **Vocabulary wide and precise:** The essay uses a range of vocabulary, but some words are used incorrectly or imprecisely, such as ""claim"" instead of ""calm"" and ""speculative"" instead of ""spectacular."" (2/3)
* **Punctuation accurate and helpful:** The essay generally uses punctuation correctly, but there are some errors, such as missing commas and incorrect use of apostrophes. (2/3)
* **Spelling accurate apart from very occasional slips:** There are a few spelling errors, such as ""peak corn"" instead of ""pine cone"" and ""shuffled"" instead of ""rustled."" (2/3)
* **Paragraphs have unity, are linked, and show evidence of planning:** The essay is organized into paragraphs, but some paragraphs lack unity and coherence, and transitions between paragraphs could be smoother. (2/3)

**Appropriateness and Content**

* **Consistently relevant:** The essay is generally relevant to the topic, but there are some digressions and irrelevant details, such as the discussion of meditation and exercise in the introduction. (2/3)
* **Interest aroused and sustained:** The essay is somewhat interesting, but the writing style is somewhat monotonous and the descriptions lack vivid imagery and sensory details. (2/3)
* **Tone and register entirely appropriate:** The tone and register are generally appropriate for the task, but there are some instances of informal language, such as ""I like to climb mountains. One day I start my journey to reach the cliff of a mountain."" (2/3)
* **Descriptions have well-developed images helping to create complex atmospheres:** The descriptions are somewhat developed, but they lack specific details and sensory language that would create a more immersive and engaging experience for the reader. (2/3)
* **Arguments are well developed, logical, even complex:** The essay does not present any arguments, so this criterion is not applicable. (0/3)
* **Narratives are complex, sophisticated, possibly tense, and may contain devices such as flashbacks:** The essay does not present any narratives, so this criterion is not applicable. (0/3)

**Overall Feedback**

The essay demonstrates a good understanding of the topic and uses a range of vocabulary and sentence structures. However, there are some errors in grammar, punctuation, and spelling, and the writing style could be more engaging and descriptive. The essay would benefit from more specific details, sensory language, and a more logical organization of ideas."
e006,Report Writing,26,,23,23,11,,,,,"**Task Fulfilment: 12/15**

* The essay addresses the task of writing a report on the lack of interest in sports among students at IBA PSS and provides suggestions to overcome it.
* The essay includes all the required points: reasons for lack of interest, school facilities, and suggestions to overcome the problems.
* The essay is well-organized and follows a logical structure.

**Language: 11/15**

**Accuracy:**

* The essay is generally accurate, with few grammatical or spelling errors.
* However, there are some errors in verb tense and subject-verb agreement. For example:
    * ""I have recentlsurveyedng the students of IBA PSS."" should be ""I recently surveyed the students of IBA PSS.""
    * ""Students assume playing sports involves getting hot, dirty and sweaty as well as being occasionally sunburned."" should be ""Students assume that playing sports involves getting hot, dirty, and sweaty, as well as being occasionally sunburned.""

**Vocabulary:**

* The essay uses a variety of vocabulary, but some of the words are not used correctly. For example:
    * ""The school field and sports equipment are not at a reasonable level."" should be ""The school field and sports equipment are not of a reasonable quality.""

**Sentence Structure:**

* The essay uses a variety of sentence structures, but some of the sentences are too long and complex. For example:
    * ""According to them, their parents place an excessive amount of attention on academic work. Many of them have stated that it has become an obsession with their parents to make them excellent in academics."" should be broken into two shorter sentences.

**Punctuation:**

* The essay is generally well-punctuated, but there are some errors in comma usage. For example:
    * ""Also, the students complained about their lack of time."" should be ""Also, the students complained about their lack of time, which they attributed to several factors.""

**Overall:**

The essay is well-written and addresses the task requirements. However, there are some errors in grammar, vocabulary, and sentence structure that could be improved. With some additional editing and proofreading, the essay could be improved to a higher score."
e007,Descriptive ,18,,14,18,,,":**

The essay is generally well-organized and easy to follow. However, the writing is not very sophisticated and lacks variety in sentence structure and vocabulary. The essay also lacks vivid imagery and detail.

**Constructive Feedback:**

* Work on varying sentence structure and using more complex sentences.
* Expand your vocabulary and use more precise words.
* Use vivid imagery and detail to create more engaging descriptions.
* Develop your arguments more fully and provide evidence to support your claims.",,,"**Score:** 18/30

**Quality of Language**

* **Sentence structures varied for particular effects:** The essay lacks sentence variety and mostly uses simple sentences. (0/2)
* **Verb forms largely correct and appropriate tenses consistently used:** There are several errors in verb forms and tense usage. For example, ""he usually go to visit at zoo at least once at a weak"" should be ""he usually goes to visit the zoo at least once a week."" (1/2)
* **Vocabulary wide and precise:** The vocabulary is limited and repetitive. The student often uses the same words to describe different things. (1/2)
* **Punctuation accurate and helpful:** The punctuation is generally accurate, but there are some errors, such as missing commas and incorrect use of apostrophes. (1/2)
* **Spelling accurate apart from very occasional slips:** There are several spelling errors throughout the essay. (1/2)

**Appropriateness and Content**

* **Consistently relevant:** The essay is generally relevant to the topic, but there are some digressions and irrelevant details. (2/2)
* **Interest aroused and sustained:** The essay is somewhat interesting, but the lack of variety in sentence structure and vocabulary makes it difficult to sustain interest throughout the essay. (2/2)
* **Tone and register entirely appropriate:** The tone and register are appropriate for the task. (2/2)
* **Descriptions have well-developed images helping to create complex atmospheres:** The descriptions are somewhat developed, but they lack vivid imagery and detail. (1/2)
* **Arguments are well developed, logical, even complex:** The essay does not present any arguments. (0/2)

**Overall Comments:**

The essay is generally well-organized and easy to follow. However, the writing is not very sophisticated and lacks variety in sentence structure and vocabulary. The essay also lacks vivid imagery and detail.

**Constructive Feedback:**

* Work on varying sentence structure and using more complex sentences.
* Expand your vocabulary and use more precise words.
* Use vivid imagery and detail to create more engaging descriptions.
* Develop your arguments more fully and provide evidence to support your claims."
e008,Report Writing,28,,23,23,12,,":**

**Task Fulfilment**

* **Introduction:** The introduction clearly states the purpose of the report and provides a brief overview of the findings.
* **Reasons for their lack of interest:** The essay provides a detailed analysis of the reasons for the lack of interest in sports, including students' perceptions of it as a waste of time and lack of parental support.
* **School Facilities:** The essay highlights the lack of facilities and the need for a trainer as barriers to student participation in sports.
* **Recommendations:** The essay provides specific suggestions to address the problems, such as educational campaigns and improved facilities.
* **Conclusion:** The conclusion summarizes the main findings and reiterates the need for action to address the issue.

**Language**

* **Accuracy:** The essay is generally accurate, with only a few minor grammatical errors.
* **Vocabulary:** The essay uses a variety of vocabulary, but there are occasional slips in precision. For example, the use of ""gloomy"" to describe the lack of interest in sports is not entirely appropriate.
* **Sentence Structure:** The essay is written in clear and concise sentences, but there are some instances of awkward phrasing. For example, ""These were the major reasons that were discovered"" could be rephrased as ""These were the main reasons identified.""
* **Punctuation:** The essay is generally well-punctuated, but there are a few instances of missing commas.
* **Spelling:** The essay is spelled correctly, with no errors.

**Constructive Feedback**

* **Task Fulfilment:** The essay could be improved by providing more specific examples of the reasons for the lack of interest in sports and the suggestions for overcoming the problems.
* **Language:** The essay could be improved by using more precise vocabulary and avoiding awkward phrasing.
* **Overall:** The essay is well-written and provides a clear analysis of the issue. With some minor revisions, it could be further improved to meet the highest standards of academic writing.",,,"**Task Fulfilment: 12/15**

* **15 marks:** The essay addresses all the required points and provides a clear understanding of the purpose.
* **12 marks:** The essay is well-organized and provides detailed information on the reasons for the lack of interest in sports, school facilities, and suggestions to overcome the problems.

**Language: 11/15**

* **15 marks:** The essay is written with a high level of accuracy and precision.
* **11 marks:** The essay contains some minor grammatical errors and occasional slips in vocabulary.

**Detailed Comments:**

**Task Fulfilment**

* **Introduction:** The introduction clearly states the purpose of the report and provides a brief overview of the findings.
* **Reasons for their lack of interest:** The essay provides a detailed analysis of the reasons for the lack of interest in sports, including students' perceptions of it as a waste of time and lack of parental support.
* **School Facilities:** The essay highlights the lack of facilities and the need for a trainer as barriers to student participation in sports.
* **Recommendations:** The essay provides specific suggestions to address the problems, such as educational campaigns and improved facilities.
* **Conclusion:** The conclusion summarizes the main findings and reiterates the need for action to address the issue.

**Language**

* **Accuracy:** The essay is generally accurate, with only a few minor grammatical errors.
* **Vocabulary:** The essay uses a variety of vocabulary, but there are occasional slips in precision. For example, the use of ""gloomy"" to describe the lack of interest in sports is not entirely appropriate.
* **Sentence Structure:** The essay is written in clear and concise sentences, but there are some instances of awkward phrasing. For example, ""These were the major reasons that were discovered"" could be rephrased as ""These were the main reasons identified.""
* **Punctuation:** The essay is generally well-punctuated, but there are a few instances of missing commas.
* **Spelling:** The essay is spelled correctly, with no errors.

**Constructive Feedback**

* **Task Fulfilment:** The essay could be improved by providing more specific examples of the reasons for the lack of interest in sports and the suggestions for overcoming the problems.
* **Language:** The essay could be improved by using more precise vocabulary and avoiding awkward phrasing.
* **Overall:** The essay is well-written and provides a clear analysis of the issue. With some minor revisions, it could be further improved to meet the highest standards of academic writing."
e009,Descriptive ,28,,22,26,,,"**

**Quality of Language**

The student's writing is generally accurate and fluent. They use a variety of sentence structures and vocabulary to create different effects. Their punctuation is also accurate and helpful.

**Appropriateness and Content**

The student's descriptions are engaging and interesting. They effectively create a sense of atmosphere in both locations. The student also stays on topic throughout the essay and provides relevant details.

**Constructive Feedback**

The student could improve their essay by:

* **Using more sophisticated vocabulary:** The student could use more sophisticated and precise vocabulary to enhance their descriptions.
* **Developing their arguments:** The student could develop their arguments more fully by providing more evidence and examples.
* **Proofreading their work:** The student could proofread their work more carefully to eliminate any errors in grammar, punctuation, and spelling.",,,"**Score:** 26/30

**Quality of Language**

* **Sentence structures varied for particular effects:** Yes, the student uses a variety of sentence structures, including complex and compound sentences, to create different effects.
* **Verb forms largely correct and appropriate tenses consistently used:** Yes, the student uses correct verb forms and tenses throughout the essay.
* **Vocabulary wide and precise:** Yes, the student uses a wide range of vocabulary, including some sophisticated and precise words.
* **Punctuation accurate and helpful:** Yes, the student uses punctuation accurately and effectively to clarify meaning.
* **Spelling accurate apart from very occasional slips:** Yes, the student's spelling is generally accurate, with only a few minor errors.

**Appropriateness and Content**

* **Consistently relevant:** Yes, the student stays on topic throughout the essay and provides relevant details about the two locations.
* **Interest aroused and sustained:** Yes, the student's descriptions are engaging and interesting, and they effectively create a sense of atmosphere.
* **Tone and register entirely appropriate:** Yes, the student uses an appropriate tone and register for the task.
* **Descriptions have well-developed images helping to create complex atmospheres:** Yes, the student uses vivid and descriptive language to create a strong sense of atmosphere in both locations.
* **Arguments are well developed, logical, even complex:** N/A (not applicable for this task)

**Detailed Comments**

**Quality of Language**

The student's writing is generally accurate and fluent. They use a variety of sentence structures and vocabulary to create different effects. Their punctuation is also accurate and helpful.

**Appropriateness and Content**

The student's descriptions are engaging and interesting. They effectively create a sense of atmosphere in both locations. The student also stays on topic throughout the essay and provides relevant details.

**Constructive Feedback**

The student could improve their essay by:

* **Using more sophisticated vocabulary:** The student could use more sophisticated and precise vocabulary to enhance their descriptions.
* **Developing their arguments:** The student could develop their arguments more fully by providing more evidence and examples.
* **Proofreading their work:** The student could proofread their work more carefully to eliminate any errors in grammar, punctuation, and spelling."
e010,Descriptive ,28,,22,22,,,,,,"**Score:** 22/30

**Quality of Language**

* **Sentence structures varied for particular effects:** 3/4
    * The essay uses a variety of sentence structures, including simple, compound, and complex sentences. However, some sentences are overly long and complex, making them difficult to read and understand.
* **Verb forms largely correct and appropriate tenses consistently used:** 3/4
    * The essay uses a variety of verb tenses correctly, including the present, past, and future tenses. However, there are a few instances where the verb tense is incorrect or inconsistent.
* **Vocabulary wide and precise:** 3/4
    * The essay uses a wide range of vocabulary, including both common and more sophisticated words. However, some of the words are used incorrectly or imprecisely.
* **Punctuation accurate and helpful:** 3/4
    * The essay uses punctuation correctly most of the time. However, there are a few instances where the punctuation is incorrect or missing.
* **Spelling accurate apart from very occasional slips:** 3/4
    * The essay is mostly spelled correctly. However, there are a few instances of misspelled words.

**Appropriateness and Content**

* **Consistently relevant:** 4/4
    * The essay is consistently relevant to the topic of describing two very different locations with lots of trees, plants, and flowers.
* **Interest aroused and sustained:** 3/4
    * The essay is interesting and engaging, and it holds the reader's attention throughout. However, some of the descriptions are overly detailed and repetitive.
* **Tone and register entirely appropriate:** 4/4
    * The essay uses an appropriate tone and register for the topic and audience.
* **Descriptions have well-developed images helping to create complex atmospheres:** 3/4
    * The essay uses vivid and descriptive language to create a strong sense of atmosphere in both locations. However, some of the descriptions are overly flowery and unrealistic.
* **Arguments are well developed, logical, even complex:** N/A
    * This criterion is not applicable to this essay, as it does not contain any arguments.

**Overall Feedback**

This is a well-written essay that demonstrates a strong command of the English language. The essay is well-organized and easy to follow, and it uses a variety of sentence structures, vocabulary, and punctuation to create a vivid and engaging description of two very different locations. However, there are a few areas where the essay could be improved.

**Suggestions for Improvement**

* **Vary sentence length and structure:** The essay would be more engaging if the author varied the length and structure of their sentences.
* **Use more precise vocabulary:** The author could use more precise vocabulary to create a more vivid and accurate description of the two locations.
* **Proofread carefully:** The author should proofread their essay carefully to correct any errors in grammar, punctuation, and spelling."
e011,Descriptive ,28,,22,18,,,,,,"**Score:** 18/30

**Quality of Language**

* **Sentence structures varied for particular effects:** 2/3
    * The student uses a variety of sentence structures, including simple, compound, and complex sentences. However, some of the sentences are awkward or unclear.
* **Verb forms largely correct and appropriate tenses consistently used:** 2/3
    * The student generally uses correct verb forms and tenses. However, there are a few errors, such as ""I was encircled by antiquated hickory-brown woods and creepy looking spider orchids so as to cut my escape.""
* **Vocabulary wide and precise:** 2/3
    * The student uses a wide range of vocabulary, including some sophisticated words. However, some of the words are used incorrectly, such as ""vom-worthy"" and ""nousiatic.""
* **Punctuation accurate and helpful:** 2/3
    * The student generally uses punctuation correctly. However, there are a few errors, such as the missing comma after ""lime-green snakes"" and the incorrect use of a semicolon after ""I instantly looked beside me.""
* **Spelling accurate apart from very occasional slips:** 2/3
    * The student generally spells words correctly. However, there are a few errors, such as ""Teribethia"" and ""flash.""

**Appropriateness and Content**

* **Consistently relevant:** 2/3
    * The student generally stays on topic. However, there are a few digressions, such as the discussion of the ecology of the planet.
* **Tone and register entirely appropriate:** 2/3
    * The student generally uses an appropriate tone and register. However, there are a few instances of inappropriate language, such as ""vom-worthy"" and ""nousiatic.""
* **Descriptions have well-developed images helping to create complex atmospheres:** 2/3
    * The student uses vivid language to create a sense of atmosphere. However, some of the descriptions are over-the-top and unrealistic, such as ""the whole environment seemed celestial and fictional Teribethia.""
* **Arguments are well developed, logical, even complex:** 0/3
    * The essay does not contain any arguments.
* **Narratives are complex, sophisticated, possibly tense, and may contain devices such as flashbacks:** 0/3
    * The essay does not contain any narratives.

**Overall Feedback**

The student's essay is well-written and engaging. However, there are a few areas that could be improved. The student should focus on using more precise language, avoiding errors in grammar and punctuation, and staying on topic. Additionally, the student could benefit from developing more complex arguments and narratives.

**Constructive Feedback**

* **Use more precise language.** Avoid using vague or general words. Instead, use specific and concrete words that will help the reader to visualize what you are describing.
* **Avoid errors in grammar and punctuation.** Make sure to proofread your work carefully before submitting it.
* **Stay on topic.** Make sure that all of your writing is relevant to the topic of the essay.
* **Develop more complex arguments and narratives.** Use evidence to support your claims and use a variety of literary devices to create interest and suspense."
e012,Narrative,29,,22,24,,,,,,"**Text structure and organisation**

Score: 12/15

The essay is well-organised and coherent, with a clear beginning, middle, and end. The paragraphs are well-structured and contribute to the overall flow of the story. The opening paragraph effectively sets the scene and introduces the narrator's situation. The middle paragraphs develop the plot and introduce the unexpected visitor. The closing paragraph provides a satisfying resolution to the story.

**Grammar & Sentence structure**

Score: 12/15

The essay is generally well-written, with a range of sentence structures and vocabulary. However, there are a few grammatical errors and awkward phrases. For example, the sentence ""The audible jarring of the electronically simulated bell and hammer sent my mind reeling to determine my reaction"" is somewhat awkward and could be rephrased for clarity. Additionally, the sentence ""I silently pressed my face against the cool metal door and peered through the peep hole to catch a glimpse of my would-be burglar"" contains a comma splice and could be revised to improve the flow.

**Specific feedback**

* **Text structure and organisation:** The essay is well-organised and coherent, but the opening paragraph could be more concise. The first sentence is somewhat long and could be broken up into two shorter sentences. Additionally, the second sentence could be revised to provide more context for the story.
* **Grammar & Sentence structure:** The essay is generally well-written, but there are a few grammatical errors and awkward phrases. The sentence ""The audible jarring of the electronically simulated bell and hammer sent my mind reeling to determine my reaction"" is somewhat awkward and could be rephrased for clarity. Additionally, the sentence ""I silently pressed my face against the cool metal door and peered through the peep hole to catch a glimpse of my would-be burglar"" contains a comma splice and could be revised to improve the flow.

**Overall**

The essay is a well-written and engaging story. The narrator effectively uses language to create a vivid and suspenseful atmosphere. The plot is well-developed and the characters are well-drawn. Overall, the essay is a good example of narrative writing."
e013,Descriptive ,28,,18,18,,,"**

The student's essay is well-written and engaging. However, there are some areas that could be improved, such as the organization, focus, and use of language. The student should also work on developing their argumentative skills.

**Constructive Feedback**

* **Organization:** The essay could be more organized. The student should consider using a more logical structure, such as starting with a general overview of the two locations and then providing more specific details about each location.
* **Focus:** The essay could be more focused. The student should consider narrowing down the topic and focusing on a specific aspect of each location.
* **Language:** The student should work on using more precise and sophisticated language. They should also avoid using clichés and overused phrases.
* **Argumentation:** The student should work on developing their argumentative skills. They should consider using more evidence and support for their claims.",,,"**Score:** 18/30

**Quality of Language**

* **Sentence structures varied for particular effects:** 2/3
    * The student uses a variety of sentence structures, including simple, compound, and complex sentences. However, some sentences are awkward or unclear.
* **Verb forms largely correct and appropriate tenses consistently used:** 2/3
    * The student generally uses correct verb forms and tenses. However, there are some errors, such as ""I was encircled by antiquated hickory-brown woods and creepy looking spider orchids so as to cut my escape.""
* **Vocabulary wide and precise:** 2/3
    * The student uses a wide range of vocabulary, including some sophisticated words. However, some words are used incorrectly, such as ""nousiatic"" and ""quintessence.""
* **Punctuation accurate and helpful:** 2/3
    * The student generally uses punctuation correctly. However, there are some errors, such as missing commas and incorrect use of semicolons.
* **Spelling accurate apart from very occasional slips:** 2/3
    * The student generally spells words correctly. However, there are some errors, such as ""Teribethia"" and ""vom-worthy.""

**Appropriateness and Content**

* **Consistently relevant:** 2/3
    * The student generally stays on topic. However, there are some digressions, such as the discussion of the ecology of the planet.
* **Interest aroused and sustained:** 2/3
    * The student's descriptions are vivid and engaging. However, the essay could be more focused and organized.
* **Tone and register entirely appropriate:** 2/3
    * The student uses an appropriate tone and register for the task. However, there are some shifts in tone, such as the sudden shift to a more formal tone in the discussion of the ecology of the planet.
* **Descriptions have well-developed images helping to create complex atmospheres:** 2/3
    * The student's descriptions are vivid and create a strong sense of atmosphere. However, some of the images are overused or clichéd.
* **Arguments are well developed, logical, even complex:** 0/3
    * The essay does not contain any arguments.

**Overall Comments**

The student's essay is well-written and engaging. However, there are some areas that could be improved, such as the organization, focus, and use of language. The student should also work on developing their argumentative skills.

**Constructive Feedback**

* **Organization:** The essay could be more organized. The student should consider using a more logical structure, such as starting with a general overview of the two locations and then providing more specific details about each location.
* **Focus:** The essay could be more focused. The student should consider narrowing down the topic and focusing on a specific aspect of each location.
* **Language:** The student should work on using more precise and sophisticated language. They should also avoid using clichés and overused phrases.
* **Argumentation:** The student should work on developing their argumentative skills. They should consider using more evidence and support for their claims."
e014,Narrative,25,,14,21,,,,,,"**Text structure and organisation**

Score: 9

The essay is organised into a coherent story with a clear beginning, middle, and end. The paragraphs are well-organised and help to structure the narrative. However, the essay could be improved by adding more detail to the setting and characters.

**Grammar & Sentence structure**

Score: 12

The essay is mostly grammatically correct, with a range of sentence structures used. However, there are a few errors in grammar and punctuation. For example, the sentence ""I was like who the hell came at this time, it's 7:30"" should be ""I wondered who had come at this time, as it was only 7:30.""

**Overall score**

Score: 10.5

The essay is well-written and engaging. However, there are a few areas that could be improved, such as adding more detail to the setting and characters, and correcting the errors in grammar and punctuation.

**Constructive feedback**

* Add more detail to the setting and characters. For example, describe the football ground where the narrator practices, and provide more information about the narrator's family and friends.
* Correct the errors in grammar and punctuation.
* Consider using a more varied range of sentence structures.
* Proofread the essay carefully before submitting it."
e015,Narrative,29,,18,24,,,,"or areas where the essay did not meet the rubric criteria:**

* **Text structure and organisation:**
    * The essay could benefit from a more detailed description of the setting in the opening paragraph.
    * The transition between the middle and concluding paragraphs could be smoother.
* **Grammar & Sentence structure:**
    * The sentence ""Seconds after he opened the door, A Man with huge brown eyes embraced him in a warm hug"" contains a grammatical error. The correct sentence should be ""Seconds after he opened the door, a man with huge brown eyes embraced him in a warm hug.""
    * The sentence ""Salah smiled but Saif could sense that he was hiding something from me"" is awkward and could be rephrased for clarity.
    * The sentence ""Salah continues saying that he saw his car which crashed into a pole but no one was in that car"" contains a grammatical error. The correct sentence should be ""Salah continued saying that he saw his car, which had crashed into a pole, but no one was in it.""

**Constructive feedback for improvement:**

* **Text structure and organisation:**
    * Add more details to the description of the setting in the opening paragraph.
    * Use transition words or phrases to smooth the transition between paragraphs.
* **Grammar & Sentence structure:**
    * Review the essay for grammatical errors and awkward sentence structures.
    * Use a variety of sentence structures to add interest and clarity to the writing.",,"**Text structure and organisation**

Score: 12/15

The essay is well-organized and coherent, with a clear beginning, middle, and end. The paragraphs are well-linked and contribute to the overall flow of the story. The opening paragraph effectively introduces the main character and sets the scene, while the middle paragraphs develop the plot and introduce the unexpected visitor. The conclusion provides a satisfying resolution to the story.

**Grammar & Sentence structure**

Score: 12/15

The essay is generally well-written, with a range of appropriate and varied sentence structures. The use of sentence features contributes to the fluency and development of the text. However, there are a few grammatical errors and awkward sentence structures that could be improved.

**Specific mistakes or areas where the essay did not meet the rubric criteria:**

* **Text structure and organisation:**
    * The essay could benefit from a more detailed description of the setting in the opening paragraph.
    * The transition between the middle and concluding paragraphs could be smoother.
* **Grammar & Sentence structure:**
    * The sentence ""Seconds after he opened the door, A Man with huge brown eyes embraced him in a warm hug"" contains a grammatical error. The correct sentence should be ""Seconds after he opened the door, a man with huge brown eyes embraced him in a warm hug.""
    * The sentence ""Salah smiled but Saif could sense that he was hiding something from me"" is awkward and could be rephrased for clarity.
    * The sentence ""Salah continues saying that he saw his car which crashed into a pole but no one was in that car"" contains a grammatical error. The correct sentence should be ""Salah continued saying that he saw his car, which had crashed into a pole, but no one was in it.""

**Constructive feedback for improvement:**

* **Text structure and organisation:**
    * Add more details to the description of the setting in the opening paragraph.
    * Use transition words or phrases to smooth the transition between paragraphs.
* **Grammar & Sentence structure:**
    * Review the essay for grammatical errors and awkward sentence structures.
    * Use a variety of sentence structures to add interest and clarity to the writing."
e016,Informal letter,23,14,11,23,11,,,,,"**Task Fulfilment: 12/15**

* The student has addressed all three required points: what happened, why they were so upset, and how the situation was resolved.
* The student has provided sufficient detail in each section to give the reader a clear understanding of the incident.
* The student has organized the essay in a logical way, with a clear introduction, body, and conclusion.

**Language: 11/15**

* The student's writing is generally accurate, with only a few minor errors.
* The student has used a variety of sentence structures to create a natural flow.
* The student's vocabulary is adequate to convey their meaning, although they could use more precise language in some places.
* The student's punctuation is generally correct, but there are a few errors.
* The student's spelling is generally accurate, but there are a few errors.

**Specific Feedback**

**Task Fulfilment**

* The student could have provided more detail about why they were so upset. For example, they could have explained how the incident made them feel betrayed by their peers or how it made them question their own judgment.
* The student could have provided more detail about how the situation was resolved. For example, they could have explained what the school administration did to punish the students who were smoking and how the student felt after the situation was resolved.

**Language**

* The student should use more precise language in some places. For example, instead of saying ""I was feeling nervous,"" they could say ""I was terrified.""
* The student should correct the punctuation errors. For example, they should add a comma after ""I tried him them it was not mine.""
* The student should correct the spelling errors. For example, they should change ""i talked"" to ""I talked.""

**Overall**

This is a well-written essay that effectively addresses the task requirements. The student has used clear and concise language to convey their message. With a few minor revisions, this essay could be even stronger."
e017,Informal letter,18,7,5,25,13,,":**

**Task Fulfilment:**

* The student has followed the task instructions and included all the required points.
* The essay is well-organized and easy to follow.
* The student has provided a clear and detailed account of the incident that upset them.
* The student has explained why they were so upset and how the situation was resolved.

**Language:**

* The student's writing is accurate and clear.
* The student has used a variety of sentence structures and vocabulary.
* The student's spelling and punctuation are correct.

**Constructive Feedback:**

* The student could improve their essay by using more descriptive language.
* The student could also use more transition words to help the reader follow their train of thought.",,,"**Task Fulfilment: 12/15**

* The student has followed the task instructions and included all the required points.
* The essay is well-organized and easy to follow.
* The student has provided a clear and detailed account of the incident that upset them.
* The student has explained why they were so upset and how the situation was resolved.

**Language: 13/15**

* The student's writing is accurate and clear.
* The student has used a variety of sentence structures and vocabulary.
* The student's spelling and punctuation are correct.

**Overall Score: 25/30**

**Detailed Comments:**

**Task Fulfilment:**

* The student has followed the task instructions and included all the required points.
* The essay is well-organized and easy to follow.
* The student has provided a clear and detailed account of the incident that upset them.
* The student has explained why they were so upset and how the situation was resolved.

**Language:**

* The student's writing is accurate and clear.
* The student has used a variety of sentence structures and vocabulary.
* The student's spelling and punctuation are correct.

**Constructive Feedback:**

* The student could improve their essay by using more descriptive language.
* The student could also use more transition words to help the reader follow their train of thought."
e018,Informal letter,25,14,11,23,11,,,,,"**Task Fulfilment: 12/15**

* The student has addressed all three required points in detail.
* The essay is well-organized and easy to follow.
* The student has provided a clear and detailed account of the incident that upset them.
* The student has explained why they were so upset and how the situation was resolved.

**Language: 11/15**

* The student's writing is generally accurate and clear.
* The student has used a variety of sentence structures and vocabulary.
* The student has made some errors in grammar and punctuation, but these do not significantly affect the overall clarity of the essay.

**Specific Feedback:**

* **Task Fulfilment:** The student has done a good job of fulfilling all of the task requirements. However, they could have provided more detail about how they felt after the incident and how it affected them.
* **Language:** The student's writing is generally clear and accurate, but there are a few areas where they could improve. For example, the student could have used more varied vocabulary and sentence structures. Additionally, the student made some errors in grammar and punctuation, such as:

    * ""I Discussed it with dad, but he is out of the country he could not do anything."" (The student should have used a comma after ""dad"" and ""he"".)
    * ""Dad talked to the hostel incharge about the issue, but as he is not always available for me so they raged at me in his absence."" (The student should have used a comma after ""issue"" and ""he"".)
    * ""When i was on the way half , two bikers approached at me and started talking for no reason"" (The student should have used ""on my way halfway"" instead of ""on the way half"".)
    * ""I was on the ground, crying hard,with a cracked bone of my elbow, because they kicked me on my elbow."" (The student should have used a comma after ""ground"" and ""elbow"".)

**Overall:** The student's essay is well-written and effectively communicates the student's experience. With a few minor improvements, the essay could be even stronger."
e019,Descriptive ,28,,14,14,14,,,,,"**Score:** 14/30

**Quality of Language**

* **Sentence structures:** The essay lacks sentence variety and relies heavily on simple sentences. The sentences are often short and choppy, which makes the writing monotonous and difficult to read.
* **Verb forms:** The essay contains several errors in verb forms and tense consistency. For example, the sentence ""Thick hollow trunks Of Greenish Alpine trees appearing to be as like as street poles"" should be ""Thick hollow trunks of greenish Alpine trees appear to be as like as street poles.""
* **Vocabulary:** The essay uses a limited vocabulary and often repeats the same words and phrases. For example, the word ""park"" is used seven times in the essay.
* **Punctuation:** The essay contains several errors in punctuation, such as missing commas and incorrect use of quotation marks.
* **Spelling:** The essay contains several spelling errors, such as ""wails"" (should be ""walls"") and ""mourning"" (should be ""moaning"").

**Appropriateness and Content**

* **Relevance:** The essay is generally relevant to the topic, but it does contain some digressions and failures of logic. For example, the paragraph about the food stalls is not particularly relevant to the topic of describing two different locations with lots of trees, plants, and flowers.
* **Interest:** The essay is somewhat interesting, but it lacks originality and planning. The descriptions are often superficial and do not provide much detail or insight.
* **Tone:** The tone of the essay is inconsistent. The writer sometimes uses a formal tone, but at other times uses a more informal tone.
* **Descriptions:** The descriptions in the essay are generally satisfactory, but they lack scope and variety. The writer often relies on clichés and does not provide much detail or insight.
* **Arguments:** The essay does not contain any arguments.

**Constructive Feedback**

The student could improve their essay by:

* Varying their sentence structures and using more complex sentences.
* Correcting the errors in verb forms and tense consistency.
* Expanding their vocabulary and using more precise and descriptive words.
* Correcting the errors in punctuation and spelling.
* Focusing on providing more detailed and insightful descriptions.
* Planning their essay more carefully and ensuring that all of the paragraphs are relevant to the topic."
e020,Narrative,29,,14,24,,,,,,"**Text structure and organisation**

Score: 12/15

The essay is well-organized and coherent, with a clear beginning, middle, and end. The paragraphs are well-structured and contribute to the overall flow of the story. The opening paragraph effectively introduces the setting and the main character, and the following paragraphs develop the plot in a logical and engaging way. The conclusion provides a satisfying ending to the story.

**Grammar & Sentence structure**

Score: 12/15

The essay is generally well-written, with a range of appropriate and varied sentence structures. The sentences are clear and concise, and the use of sentence features contributes to the fluency and development of the text. However, there are a few grammatical errors and awkward sentence structures that could be improved.

**Specific feedback**

* **Text structure and organisation:**

The essay is well-organized and coherent, but there are a few areas where the transitions between paragraphs could be smoother. For example, the transition from the first paragraph to the second paragraph could be improved by adding a sentence that connects the two paragraphs more explicitly.

* **Grammar & Sentence structure:**

The essay is generally well-written, but there are a few grammatical errors and awkward sentence structures that could be improved. For example, the sentence ""I slipped down the stairs, joining my iron man as I prepared to meet my unexpected guest"" is awkward and could be rephrased to make it more clear and concise.

**Overall feedback**

The essay is a well-written and engaging story. The author does a good job of creating a vivid setting and developing the characters. The plot is well-paced and the ending is satisfying. However, there are a few areas where the essay could be improved, such as the transitions between paragraphs and the use of grammar and sentence structure. Overall, the essay is a good example of a well-written narrative."
e021,Informal letter,25,15,2,13,13,,,,,"(""Invalid operation: The `response.text` quick accessor requires the response to contain a valid `Part`, but none were returned. The candidate's [finish_reason](https://ai.google.dev/api/generate-content#finishreason) is 3. The candidate's safety_ratings are: [category: HARM_CATEGORY_SEXUALLY_EXPLICIT\nprobability: NEGLIGIBLE\n, category: HARM_CATEGORY_HATE_SPEECH\nprobability: NEGLIGIBLE\n, category: HARM_CATEGORY_HARASSMENT\nprobability: MEDIUM\n, category: HARM_CATEGORY_DANGEROUS_CONTENT\nprobability: NEGLIGIBLE\n]."", [category: HARM_CATEGORY_SEXUALLY_EXPLICIT
probability: NEGLIGIBLE
, category: HARM_CATEGORY_HATE_SPEECH
probability: NEGLIGIBLE
, category: HARM_CATEGORY_HARASSMENT
probability: MEDIUM
, category: HARM_CATEGORY_DANGEROUS_CONTENT
probability: NEGLIGIBLE
])"
